,number,ユーザー名,コメント
1,1-1,mr*****,妥当だと思う。海外からの渡航についても、厳しくお願いしたい。。
2,1-2,tak*****,"「必ず」と言っていたが、無理だったか。
責任回避のために「決意」で逃げたし、そもそもできなかった責任はとるつもりはないだろうな・・・。。"
3,1-3,ffw*****,それでいいと思う。東京も大阪もたいして減ってないし。。
4,1-4,n_k*****,"だらだら続くのかなぁ…
直前に延長発表されても国民の反感買うだけだし。
色々な産業が衰退してしまうのがとても心配。

こんなに頼りない総理って初めてかも。
それに緊急事態宣言再度発出したら五輪の開催厳しいって言ってませんでした？？
延長せざるを得ない状況なら難しいというレベルではないような気が。
最も検査数絞った陽性者減少と言われても怪しくて仕方ないけど。。"
5,1-5,mur*****,"1回出したら、解除が難しいな。
1ヶ月を基本としても、順次抑えられたと判断した地域から解除していくべきだな。

あまり世論調査とかマスコミに振り回されずに、ブレずに堂々と判断して欲しい。。"
6,1-6,nao*****,"飲食店だけへの、無駄なバラマキは
やめてください。
過去三年間の納税額で支給額の決定を
するべきです。。"
7,1-7,sas*****,老害が迷惑かけたからペナルティとして平民に給付金100万ばら撒け。
8,1-8,wal*****,"給付金も出さないで

弱い国民は間違いなく倒されるぞ。"
9,1-9,ace*****,"国民一人一人が頑張って少しずつ新規感染が減ってます。日本人は本当に真面目ですよね。
それなのに政府は本当に小出しの政策しかしない。補償もしない。
最悪な政府です。。"
10,1-10,rm /*,場末の店は残るが都心の店は持たないな。。
11,2-1,ryo*****,"２月７日で解除したい方は？
goodボタンを！！！。"
12,2-2,wcm*****,緊急事態宣言という言葉は今回で効力をなくしたね。経済にかじをとる方向でぶれずにやって欲しかった。周りに押し切られて、補償できないからみんな働くしかなく、病床を増やせと強く言えず、だらだら1年、せっかく日本は皆の努力で欧米より抑えてたのに、経済潰す事しなくて良かったのに。医師会に忖度の宣言なんて。。
13,2-3,y16*****,私も同じ意見で1か月きちんとやって欲しいけど、但し医療提供体制に余裕ができれば、期限を待たずに解除に関しては、視野に入ってくると思います。本日の感染者数も769なので、これが来週土曜に450だったら、3月7日迄には、努力すればの話しなのですが、医療にキャパシティーができるので、それより以前にも解除することにもなると思います。これは国民への自粛や我慢の協力をお願いしているので、医療の逼迫を改善するための延長なので、私は3月7日迄は、しっかりやって欲しいけど、前倒しで解除すると思います。。
14,2-4,sur*****,"国民が緩いから仕方ないでしょうね。
感染が減らないのだから。
当たり前ですよ。
解除した途端に爆発的に感染拡大するのですから。
先ずは、いまの現状を理解出来てますか？
病院には入れない。
ホテル療養も入れません。
で、
自宅療養＝放置＝死
なのですよ？
感染したら、終わりなのですが？
それすら分からず我慢できないのならば、
勝手に死んで頂きたいですよ。
ウイルスを撒き散らす前にね。。"
15,2-5,ean*****,政権幹部が誰かは知らないが緊急宣言が延長されることは分科会や諮問委員会でも協議され「延長される」だろうが、現在発出している１１都府県から減少する方向性であることは私の目にも映っている。ロックダウンもしないで日本国民は優秀だとしか言いようがない。とにかくもう少しだ。皆で頑張りましょう。
16,2-6,gag*****,"困ってないとこまでの飲食店への
バラマキはやめろ！
ふざけんな！
ムカつくんだよ！。"
17,2-7,nei*****,"最低限【県外移動制限】は、継続して欲しい
【県外移動制限】する人に厳しい条件をつけて欲しい。
これ以上医療崩壊させない最低条件


昨年５月末は、４０くらいの自治体が
新規感染者数０になっていたが

東京など一部自治体が新規感染者数０になってないのに

安倍晋三が移動制限解除して
全国に感染拡大させて

本人は、はや逃げした。。"
18,2-8,hcm*****,"「専門家の意見を聞いた上で延長する地域や期間について最終決定する方針です。」
今まで専門家の意見を聞いても捻じ曲げて感染拡大させて来たのが菅政権だろう。。"
19,2-9,xm8*****,"あとは規制内容だな。
長期に渡る延長で国民危機意識が今まで以上に緩くなるのが目に見えている。。"
20,2-10,GAMEKO,"飲食にいくら撒く　一律やめれ　まじやめて
頭おかしいぞ政府。"
21,3-1,rga*****,"１か月延長して、また１カ月延長してと言う小出し小出しではなくて、
「緊急事態宣言発令するならば、３か月間として、早期に収束が見られたら、前倒しで解除する」
と言う方が良いと思いますね。

とは言っても、与党議員の間で気の緩みが多いに見られているので、そもそもの意識改革が必要なのでしょうけれどね。。"
22,3-2,qey*****,２月７日迄じゃないの？（笑）。
23,3-3,nis*****,沖縄の取扱はどうなるのでしょうか？県独自の緊急事態宣言は延長の方向との報道は見ましたが。。
24,3-4,*****,"こんな緩い宣言続けてても意味ないでしょ
いまこそ、ロックダウンです。"
25,3-5,zya*****,こんな強制力のない緊急事態宣言なら延長しなくていいよ。
26,3-6,boo*****,給付金も出さずに期間だけ延長とか・・・生活できなくなる人が増えてしまうぞ。
27,3-7,★シト☆,発表では減少傾向でも、実状は暗に減ってないのは理解しているんでしょう。。
28,3-8,Yaaa,全国に出さないと意味なくないか、県をまたいでウイルス貰って帰ってきて、いつまでも解除出来そうにないな、ダラダラ中途半端に。
29,3-9,onigawaragonzou,"栃木みたいに明らかに減っている所がある。　本気でやれば減る。

『引き続き延長される都府県の方々は本気でコロナ対策してるのか？』。"
30,3-10,k,アホだ、経済も終わるな。
31,4-1,kaw*****,"延長の小出ししてないで2月7日以降何ヶ月延長するのか決めて、それに見合う世帯毎の給付金出してください。

観光や飲食だけじゃ無い、それ以外の殆どの業種に影響が出ていて解雇や賃金低下が起きてます。
国民の生活、生命、財産を守る事が国会議員の仕事だろ。最後は生活保護申請しろって？国民馬鹿にするのもいい加減にしろ。。"
32,4-2,m_m*****,"ここでは知事の意見は聞かないんだね。
ホント誰がどういう根拠で決めてんだろね。後進国だなぁ、政治は。。"
33,4-3,**********,昨年の宣言時こそ、延長してガツッと感染拡大押さえ込んでおけば良かったのに、返す返すも残念でならない。今回宣言は、議員連中のやらかしが目に余り個人の自粛になかなか及ばないことが、延長するに至った要因でもある。延長するならするで、一番気を引き締めるべきは政府議員連中であることを肝に銘ずるべき。。
34,4-4,mtq*****,"延長してからの状況次第で期限待たず解除。
安倍政権と同じ流れやな。
1年間学べる時間もあったはずだし飲食店が急所なのも分かってたはずなのに、同じ流れを2回繰り返す。学んだ割には後手後手。"
35,4-5,dan*****,"馬鹿なGOTOのせいで延びましたね。
本当に駄目な政府です。
飲食店以外補償がないのは納得できません。
衣料品店やってますが、来月から家賃払えません。
閉店セールしてもお客様来ないし・・・
首くくれと云うのか政府は。。"
36,4-6,kub*****,"ただ単に緊急事態宣言を
だらだらと延長すれば
終息するものでもない

肝心な政策や強制力を持った
命令だったり整備が全然
追い付いていない

濃厚接触者の追跡調査を
止めている東京都と神奈川県
あたかも感染者数が減少
しているかのように見せ掛けるのが
国や都府県の出した答えなのか？

人の流れが減っていないのに
緊急事態宣言を出しただけで
減少に転じてるかのように
検査対象者調整は止めて頂きたい。。"
37,4-7,ter*****,"3月7日までに変異株が力を付けて再延長を希望
勿論ビフォーコロナが一番良かったが
ウィズコロナになる位ならずっと緊急事態宣言をやってほしい。"
38,4-8,hir*****,"ラクだよなあ～

このために「減らなかった場合は？」と聞かれても「仮定の事には答えられない」と言ってるから。

そして、どんどん人が死んでいき、経済が停滞する。。"
39,4-9,yt3*****,国民の血税が、飲食店に毎日６万バラまかれる理不尽な制度をいつ見直すのだろうか？。
40,4-10,bab*****,五輪を強行する為なら仕方無しと言ったところでしょうか。古参どもから指示されただけだろう。。
41,5-1,nis*****,"いい加減　飲食店への時短協力金一律186万を修正しなよ。
昨年から個人飲食店・居酒屋やバーとかなんて、もう400万以上時短協力金もらってる。今回も一日6万一律なら、もう600万円も現金こいつらだけもらってますけど・・・。"
42,5-2,vhv*****,"経済優先の奴らが騒ぐぞ！
俺も、ある程度収束してからの解除に賛成だがヤフコメで意見を述べると以下のような返信がある。
「経済が落ちぶれても良いのか？」「仕事を失って自殺する人に対して、どう責任を取るのか？」（自殺は自分の選択、コロナは死にたくなくても死ぬ　の違いがある。）「コロナで死ぬのは高齢者か持病を持った者だから、コロナに感染しなくても死ぬ。」等々、酷い返信がある。
自分の利害しか考えていない人間の発言にしか思えないのだが・・・
自分が生き延びられれば弱い人は犠牲にして良いのか？　と強く思う。。"
43,5-3,h********,延長しても所詮お願いでは感染拡大は収まらない。普通なら判るでしょう！。
44,5-4,kit*****,もう飲食店は耐えられねーよ！。
45,5-5,yak*****,"コロナ感染者数も昨年12月と比較しても変わらないレベルまで下がっています。
昨年かーすー首相はGoto強硬し、ステーキ会食をはじめ会食三昧でしたよね。
しかも緊急事態宣言を出すには至らないと言い張っておりました。
感染者数と実行再生数変わらないのに判断は全く違うのはどういう基準なのか意味不明です。
しかも緊急事態宣言なんて飲食業界を悪者に仕立てているだけにしか感じません。
テイクアウトや中食で弁当箱や割り箸にコンビニ袋等家庭からのゴミを増やし燃やして処理する分二酸化炭素排出増やしています。
脱炭素社会から遠退いているとしか感じません。
アベノ無策に続いてスガタン失策で未だにワクチン接種すら出来ていない先進国から脱落していく美しくない恥ずかしい国日本になっています。。"
46,5-6,say*****,さっさと給付金支給しろよ。。
47,5-7,sei*****,"1ヵ月延長するなら、それなりの具体的策を
打ち出さないと効果が薄くなります

事業者には早急に2回目の持続化給付金を
国民一律15万円の給付金を支給しなさい

締め付けるだけの宣言なんてダメです。"
48,5-8,kn3*****,順当なところでしょう。補償も続けて下さい。。
49,5-9,kaz*****,"別にもう何人でも良い。
今日、1ヶ月の宣言延長の報道があったが、注釈で状況次第で早めの解除もあるとのこと。

この段階では世論や野党を抑えるために延長を発表し、来週から適当な数字と飲食店でのクラスターが無いとかで段階的解除に向かうのでしょうね。

勝手にやってろよ。。"
50,5-10,blh*****,"全国の飲食店以外の個人事業主•中小小規模事業者…東京などに関係して仕事しているところ壊滅的なんですが…全く仕事にならなくて！
地元だけじゃないんですよ！
行って仕事できなければ、売り上げの大半は東京などでの数字なので事業継続どころか食べることすらできません！
これで個人への給付がないとか、持続化給付金の再支給がないとかなるともはや潰れるしかありませんよ！
これ以上、偏った税金の使い方はやめてくれ！
潰れたら誰も税金払わなくて良いかね？
この国には存在していない扱いなので…！
今まで納めた分も返してください…
無駄に払っているので…。"
51,6-1,a******,"ゆうても週末の街は人人で賑わってますけど？
ビシッと短期間で全体を絞めないとダメだろうね。"
52,6-2,ssx*****,ただ感染者減ったから継続か？勝負の何週間にするつもり？。
53,6-3,eight*****,"自分らは銀座だのキャバクラだの行っといて、国民にだけ外出控えるようにお願いされてもなぁ。
だらだら今の状況続けるだけしか出来ないノウタリン達には、さっさと退陣してもらった方が良いと思う。。"
54,6-4,nak*****,当然、緊急事態宣言を延長して欲しい。ダラダラゆるく継続するのではなく規制を強めて一気に感染者数を減らすべきだ。。
55,6-5,不審者,簡単な話し東京ロックダウンしたらええねん。
56,6-6,eme*****,全然緊急事態宣言下だと思えないんだけどwww。
57,6-7,cjj*****,"延長はせずにすぐに解除が望ましいと思うが。。
てか、このヤフコメ欄は、ずっと延長すべきって言っておきながら、いざ延長するとなると、だらだらするべきじゃないとか文句ばっかり。
ホントそっちの方が腹立つわ。。"
58,6-8,fum*****,"ひとつ言えることはこの高止まりの状況で
解除など絶対にありえない。
もうひとつ延長期間からお願いしたいのは
飲食店のみ支給されている協力金の廃止。
厳しいのは飲食店に限ったことではない。。"
59,6-9,suy*****,"延長して何が変わるんだ？
キャバクラの延長じゃないんだから、その場の勢いで決めないでくれよ…。"
60,6-10,rcm*****,2月下旬頃からは変異種の感染大拡大の最中だと思いますが？。
61,7-1,syunsuke,春休みがあるのに延長したところで意味ないね。自民の議員いつになったら会見やるんだろ？釈明会見やらないと国民を制御出来ないよ？？。
62,7-2,wua*****,"観光業経営者(土産物店)です。
お客さん全くいません。廃業寸前です。
緊急事態宣言地域外の地域のため補償もありません。宣言解除後のGOtoトラベルもステージ2っていつ再開になるかもわかりません。飲食店はいいですね。GOtoイートもデリバリーも休業補償もあって。
うちの取引先(問屋)も倒産しました。

宣言外地域も確実に影響を受けています。

政治家の皆さん️全国一律で影響を受けている会社やお店、個人を救って下さい️。"
63,7-3,mw0*****,やるなら徹底的に人の流れを止めて短期間で終わらせた方がいい。。
64,7-4,nor*****,緊急事態宣言しなくていいです。。
65,7-5,wcx*****,まずは政治家が自粛を守ってくださいね。。
66,7-6,sgi*****,各都道府県の検査数と要請率が知りたい。。
67,7-7,hir*****,"今のスタンスでやるならもう解除して
無駄なことこの上なしだから

金配って３月7日で解除するので協力して自粛して下さいって強く求めるのならいいと思うよ
でも、解除した時に爆発するけどな
どのみち意味ないけどな！！！！！

だらだらすんのやめろ
ほんっと！無駄！！！！。"
68,7-8,tos*****,"国民と、政府の矢印を正反対にする、自公セイケンに、民主主義はもはやない。

一方的専制政権、頭をかえても、なにもかわらぬ。。"
69,7-9,dor*****,なんでアジアの諸外国がワクチン打ち始めてるのに日本はこんなに遅いの？それをまたどこも報じないのは情報統制？国際政治力が全くない。。
70,7-10,ポン太,結局、暖かくなって自然に患者が減るのを待つしかないのか？。
71,8-1,,宣言を延長しても、会食大好きの政治家連中が居るから意味無し。。
72,8-2,chi*****,延長するにしても、飲食業にだけの給付、飲食にしても一律1日6万円をどうするかをしっかり考えて不平等のないような政策を。これ以上愚策により国民にフラストレーション溜めさせるような真似だけはしないで欲しい。。
73,8-3,bya*****,"頑張ってきたのに
期限は守れよ

お前らが守らんかったんやろ。"
74,8-4,she*****,"先手をとっていかないと、その場しのぎの対策では絶対に収束しないと思う。
自分たちの党員は会食だのはしごだのするくせに国民には一丁前に自粛を要請するんですね。よくよく考えると、自分の党員も統率できないのに国の統率とか出来るわけない。。"
75,8-5,aro*****,えーまだ飲食に毎日六万ばらまき続けんの？。
76,8-6,no_*****,税金垂れ流しが続くのか、、宣言しないよりはいいんだけど、やるならしっかりやってさっさと終わらせたいよね。解除したらgo toでまた税金投入して感染者増やすんだろうな。税金って何なんだろう。。。
77,8-7,hvo*****,"テレワーク強化してほしい！
満員電車やだよ！。"
78,8-8,fac*****,"我慢ばかり国民にさせて、自分ら議員は好き放題、呆れるわ
絶対に選挙では自民党に投票しない！！。"
79,8-9,jri*****,こんなクソみたいな緊急事態宣言は延長すべきではない。。
80,8-10,ket*****,"又、180
万円ばら撒く？。"
81,9-1,frg*****,"人間はカレンダーを気にするけど、ウィルス
はカレンダーを持っていないからなあ…。。"
82,9-2,12341234,"飲食店に一律6万給付も？
ありえん。給付金バブルとかの記事をみると緊急事態中でも普通に患者、有熱者を見なければならない医療関係者、その他職種からしたら馬鹿げてる。。"
83,9-3,nas*****,"延長は予測できたことですが、
補償とセットでお願いしたい。
そして早くオリンピックを中止としてほしい。

ワクチンの接種が始まっても、絶対オリンピックまで間に合わないですから。。"
84,9-4,hzs*****,"ただ延長ではなんの意味もない。特措法を早く改正して、罰則付きのロックダウンを早く施行しなければまったくもって感染は減らない。
不要産業については対面店舗はもちろんだが、そうじゃない場合もリモートワーク導入が進まないのだから全面的に休業指示を出して経済を止めるべきだろう。
医療に関係しない施設は学校含めて閉鎖する措置も必要。
医療現場も保健所も限界を遠に超えている。
緊急事態宣言の解除はゼロコロナになり、保健所や医療現場がコロナ前の状態に完全に戻ったときにしてほしい。でなければ下手したらコロナ以上に医療現場や保健所の過労死が出かねない。。"
85,9-5,SBH,"自粛に関して　意見が一つになる事は絶対にない　それぞれ守るものが違う　当たり前！！

結局は自己責任！。"
86,9-6,ino*****,"保健所がパンクで
接触者を追っかけってないからね
再来週ぐらい再爆発かもね
無い事を祈るが
検査数を考えないとね。"
87,9-7,ja8*****,"補償は無いけど。
お得意の自助で何とかしろと？
それとも生活保護か？。"
88,9-8,xzl*****,なにもしなくまた小さな飲食屋だけもうかる政策馬鹿馬鹿しいまじでねらわれるよ小さい飲食屋の経営者まじで金があますとまるわかりだから。
89,9-9,やーまん,昨年の緊急事態宣言で、もっと長くしっかりやっておけばよかったんじゃないかなー。。
90,9-10,wan*****,ゴールデンウィークまで続くとみた。
91,10-1,yoshi55,"もう茶番劇のような緊急事態宣言は延長せずに解除すべきだと思います。
飲食店の時短営業に対する一律1店舗1日当たり6万円を支給するという、誰が見ても不公平なおかしな施策は止めるべきです。こんなことを続けていたら、本当に国民の分断とモラルハザードを引き起こすと思います。
政治家の驚くほどの無能さには呆れるばかりですが、これ以上の税金の無駄使いは直ぐに止めないと、後世代の無駄な負担がどんどん増加してしまいます。。"
92,10-2,koj*****,政治家の尻拭いを国民がしてる。
93,10-3,bm_*****,"もうもたない産業がでてくるでしかね。持ちこたえられるのは今1日6万円もらって喜べる規模の店をやっている人だけ。飲食業に食材を供給する生産者、輸送業含めて、支援しないともうもたない。
無能な政府では日本沈没。。"
94,10-4,saz*****,"どうしたんだ？この方針転換は。Go to前にこの方向性だったら
死亡者も少なくてすんだのに。。"
95,10-5,ばいきん,岐阜も外したらいいのに。。
96,10-6,k_k*****,再々延長も有り得るな。。
97,10-7,nor*****,まず栃木、愛知、岐阜out、沖縄は県側が希望すればin。延長を2月いっぱいで設定し、この傾向が続けば2週間後に関西圏と福岡out。一都三県はゆるこ様にお伺い立ててやってください。。
98,10-8,krs,どんどんやれ 菅政権　和歌山が生んだスーパースター。
99,10-9,fbj*****,"飲食店にこんなにも給付金も延長するんですか？
マジで旅行とかしているやつ多くて羨ましいんですけど。。"
100,10-10,ken*****,"逆GOTOの延長ですか？
ガースーのメチャクチャな国家運営には呆れるよ。。"
101,11-1,agn*****,飲食業の人たち良かったですね。来月も何もしなくても空から金が降ってきますよ。お店の規模関係なしに同一の金額（笑）。
102,11-2,wat*****,緊急事態宣言の特措法は、改正された罰則付きのものになるのだろうか。自粛だけでも効果があるから、罰則付きなら、更なる効果が予想できそうだ。。
103,11-3,kn*56tuy,また補償してくれますよね？でなきゃ協力はしません。。
104,11-4,ころろ,"またタラタラと自粛させるの？

無意味だと思うけど。
人々のストレスが溜まるだけ。。"
105,11-5,wgy*****,国民にはお願いをする、国民の意見は聞き入れない、議員は好き放題やってれるか。
106,11-6,パット・メセニー,東京オリンピックは完全に延期か中止。
107,11-7,mmc*****,飲食店のコロナバブルも延長ですか？。
108,11-8,fac*****,特段の事情で外国人の入国をみとめるの止めて欲しい。。
109,11-9,bbs*****,あれ？追跡調査とか緩めて、新規感染者数を減らしてごまかすの頑張ってたのにさすがにヤバいと思った？。
110,11-10,hit*****,また１日６万で１８０万ボロ儲けな人が得するんでしょうね。
111,12-1,nao*****,"延長＝政府敗北宣言
の意識が無ければ延長の意味すら無い。
先手、先手で延長。
今、やってる事が無駄とまでは言わないが近い物は有る。
勝ち負けなら負け。
もう、次の延長は絶対に無い。
ゼロコロナを合言葉に対策しろ。
邪な事を考えなければ自ずと答えは有る。。"
112,12-2,k_m*****,"これ以上延長するのはやめて下さい。

インフルエンザより人は死んでないのに、緊急事態って、おかしいでしょ！

飲食だけ補償して、他の業種は無視ですか？。"
113,12-3,ibt*****,春節には我が人民をちゃんと入れるんだろうな？。
114,12-4,OSJHGFBYY73BFBFHO,今日中も休業している飲食店は協力金でウハウハのお店です。延長と聞いて嬉しくて発狂してるでしょう。近所のタイ料理屋のタイ人も車が新車になっていた。。
115,12-5,lla*****,"結果論にはなるが、更に1か月延長は想定内のことだったのか。
緊急事態宣言前の自粛要請期間が余りにも長く
宣言発出後も国民も何ら変わらない行動変容に感じられた。
延々と期間を延長したものの効果が出ないのであれば意味がない。
政府として今までの施策を検証する必要があるだろう。。"
116,12-6,imz*****,2月7日迄が決意なら、3月7日迄は何なのかな?そこでも解除出来なきゃもう言い訳出来ないよね。もう錯乱状態、こんな総理に国の舵取りは無理。さっさと辞めるのが、国と国民の為。あの生気のない顔、もう見たくない。。
117,12-7,pr*****,2月いっぱいくらいかと思ってた…。
118,12-8,jic*****,春節チャイニーズが襲来しないのかが不安ですしょうがない。。
119,12-9,hik*****,もう一ヶ月延ばすなら、飲食店への給付額の見直ししてほしい。はた目から見ても、時短で１日6万円はもらいすぎの店と足りなすぎの店がある。。
120,12-10,nor*****,中途半端にやって、また延長しそうだな。。
121,13-1,tyr*****,一か月延長したぐらいでおさまるとでも思ってるのか？どうせならゴールデンウィークまで延長すべきでは？。
122,13-2,shi*****,"＞３月７日まで延長する方向で調整に入りました

卒業式はやらせてあげたいですよね。"
123,13-3,ss2*****,"あっはっはっは
日本はいい国だー
飲食店オーナーの私は
買ったばかりの高級車の残債を一括で払えそうだよ。"
124,13-4,Hinomaru,ガースーさんはクーズーですね。。
125,13-5,中道ですがなにか？,"順調に減ってきていますし、延長は愚策かと思います。
経済の立て直しが急務です。。"
126,13-6,Happy***,そのまま選挙まで。。
127,13-7,メガチャンポン,減りに減ったところでこれでオリンピックが開催出来るみたいな感じにしたいんだろうな。でもそれだけ延ばしたら解除したときの反動がエグいよ。。
128,13-8,kai*****,"延長だとしても、私の大学では普通に卒論の提出は対面だし、発表会も密な空間で行う。

生ぬるいな自粛を請う宣言は何の意味もありません。ただただ、経済を緩やかに蝕んでいるだけです。。"
129,13-9,sno*****,"いいと思います！
しんどいけど、きっと春には落ち着くと希望をもって
子どもたちとおうち遊びを考えて過ごします。
乗り越えます！。"
130,13-10,tou*****,"また180万もらえるのか
最高だね。"
131,14-1,wdm*****,"もうやめようよ。
一部の飲食店だけウハウハで、他は何の補償もないんだから。飲食店の時短がどれだけ効いたかはわからないし。
補償が欲しいわけではないけど、個人個人が気をつけることとGOTO見送りと外国人入国禁止だけでいいよ。。"
132,14-2,sou*****,また経済が停滞しますね。税金も上がることでしょう。。
133,14-3,ren*****,"コロナ減らします
オリンピックやりたいです
中小事業者は知りません頑張って下さい

それでいい人もいるけどな絶望する人もいるんだよ。"
134,14-4,fum*****,延期するなら金をくれ。
135,14-5,soq*****,"何をしても批判されるよコロナ対応は。
全ての人が平等に納得出来る政策なんて無理だと思う。むしろ民主党じゃなかっただけマシだと思えばいい。。"
136,14-6,abc*****,"延長になるよねぇ
だってGotoとかイート、特措法先送りの後手後手で
オリンピックが近くなったから慌ててる感が凄い。
場当たり的な対策の結果ですね。"
137,14-7,uga*****,延長しなければ、時期尚早と言われ、延長したら、ダラダラ続けてと言われ、菅さんも大変だ。ただ、延長するなら、あと１ヵ月でしっかり収束させてほしい。。
138,14-8,tor*****,やっと状況が理解できたか？。
139,14-9,shi*****,Gotoは再開しよう。。
140,14-10,hai*****,また、ズルズルパターンだ。
141,15-1,ppk*****,"愚策と無策でただ延長するだけ。
あと2回は延長するだろうね。
早くてもGW明けくらいかな？
その頃の支持率は1桁後半になってるよ。。"
142,15-2,あるみ※※※,"延長するなら金をくれ

「自粛や休業への協力お願いします。但し、補償金は少ししか出せません。」

やと、特急が各駅停車になるでホンマに。今日だってアチコチで電車止まってるやろが。。"
143,15-3,nik*****,1ヶ月ずつの更新で、5月頃までつづく短期契約です。。
144,15-4,หกล้ม,延長はいいですが、確実に街の力は弱り、そして死んでいきますよ。。
145,15-5,add*****,"あー、なんか頭痛てーな！！
クソ政策！！。"
146,15-6,ama*****,"ハッキリ言って、ここまで拡大して経済疲弊をもたらしたのは最初に入国制限しなかった政府の責任だ。
５，０００人の方が家族に看取られずに亡くなられた。
若者や子供の死亡者がほとんど居ないのだけが救いだ。
台湾の様に初期段階で入国拒否し国内のP CR
検査と追跡対策と医療拡大政策をしていたら全国でも１万人ぐらいの感染者、５００人ぐらいの死亡者で済んでいたと思うと残念でならない。
オリピックと習近平来日に忖度した政策が感染も拡大し、経済にも大打撃を与えた。
台湾では経済も成長して生活も日常に戻っていると報道していた。
今更ながら、我が国の政治家の無能さと国民の政治への関心の無さに愕然とする。
暫くはこのままの生活を続けて乗り切るしかないだろうと思っている。。"
147,15-7,thg*****,延長する前に国会議員さんの会食とかキャバクラとか指導しないと多くの国民は納得しないのでは？緊張感が無いですからね。
148,15-8,aaa,愛知はもういいやろ！。
149,15-9,ves*****,花粉の季節がやってきてくしゃみとまらなくなるから感染爆発するかもしれない……。今年は花粉多いみたいですから……。
150,15-10,terry,"やり過ぎだろ、
もういいかげん経済回さないと

ほんとに生活保護者で大変なことにになる。。"
151,16-1,kan*****,"３月まで延長、でも国外からの旅行客は受け入れます
とかはやめてくれよ？。"
152,16-2,giv*****,新外国人とかの来日がどんどん延びてしまうな。
153,16-3,waj*****,菅さんはスマホ料金下げるのに貢献した。auの来月からの新プランも良さそうだ。コロナはどんなに対策しても防ぎ様がないでしよう。あるとすれば治療薬とワクチンが両方揃ってかな。。
154,16-4,roh,"グッド。
これでしょうもない研修行かんでよくなるわ！。"
155,16-5,kkktmtkkk,また飲食店ウハウハなパターンか。。
156,16-6,big*****,これでjリーグはナイターは18時確実視。
157,16-7,rai*****,五輪開催の判断時期に合わせてる感。
158,16-8,norisanda,去年みたいに、みんなで一致協力して解除に努力しようって雰囲気ないもんな。もう感染予防をちゃんとやってる人はこれ以上どうしろって言うんだよだし、守らないヤツは自分が感染するまで変わらないだろうし。。
159,16-9,umo*****,"ファー、延長するんか

てっきり検査数絞るか改ざんするかで陽性者減らして解除と思ってたわ。"
160,16-10,*o****,"そら伸ばすだろうな。
補償しないから政権の痛みは全く無し。
国民だけが我慢したら議員官僚はウハウハなんだから。。"
161,17-1,,"本当に緊急事態なのか？コロナはそれほど脅威なのか？
大半が無症状の感染者数ばかり気にしてそれを減らすために経済止めて失業者、自殺者を増やして未来にツケを回す事が本当に正しいのか？。"
162,17-2,eiz*****,いやまじで終わるぞ。飲食店は6万貰って休業できるところはあるけど、休業が多くなればなるほど酒屋や卸、メーカーはキツくなる。卸は本当に潰れる。。
163,17-3,ec0*****,"３月ではなく４月まで延長でしょう。

ワクチン接種が開始され、一定の効果が得られるまでは
緊急事態宣言を継続しないと感染の再拡大になりかねない。

年度末まで見切るべき。。"
164,17-4,mei*****,3月いっぱいになりそうね。。
165,17-5,poo*****,"これから税徴収、どれだけ増えるのかな。

一般企業での就労者は、支援もないし補償もない。税は搾取されるだけ。。"
166,17-6,mic*****,"知ってた。

２月７日で終わると思ってた人はほぼいませんよ。国民にも。。"
167,17-7,あずき,ぶっちゃけ、あと１ヶ月延ばしても、収束するわけがない。もはや宣言自体、焼け石に水。。
168,17-8,jjyt*****,"おわった。もうお店は潰れたわ。
全部、お前たちのせい。。"
169,17-9,jij*****,銀座もかな？。
170,17-10,genki,解除すると絶対に居酒屋でどんちゃん騒ぎしますからまた増えますよ。100％ね。日本人は我慢が出来ない人が多いですからね。。
171,18-1,m_n*****,緊急事態宣言の内容をしっかりと国民に説明してください。みんな勘違いしているけど、家に籠れっていうのが緊急事態宣言の意味ではないんですよね？。
172,18-2,koo*****,"1ヶ月延長の間に、東京、神奈川は濃厚接触者を追う体制に
戻してほしい。
正常な検査体制に戻したうえで減少傾向を見たい。。"
173,18-3,zer*****,緊急事態感が全く伝わらないから正直どうでもいい。。
174,18-4,ウラ,ふざけんじゃねーーーよ！緊急事態宣言するんなら本気でしろや！元から一ヶ月で減らそうなんて思ってなったんだろー！延長受ける人の気持ちを考えろー。
175,18-5,kou*****,"珍しく妥当な判断。
3月末までの補正予算のGOTO関連の1兆円超はいらないですね。
それとも使わせて感染者を増やすかな？。"
176,18-6,ごまごま,飲食店への補填も延長なのかな？。
177,18-7,nor*****,ストレス。
178,18-8,azq*****,"さてさて令和3年になりまして、衆議院議員の任期満了が令和3年10月21日となっております。

国民が唯一無能な議員を引きずり降ろす大チャンスなのです。

自民党以外任せられる政党は無いからな〜ってのは、いい加減もう古すぎませんか？

任せてみましょう！他の政党に！
自民公明党では100%日本の政治は良くなりませんよ。改めて言うまでも無いですがね。

100%不可能よりもたった1%の希望に賭けた方が未来があると思いませんか？

私達が意識を変えないことには何も変わらないでしょう。絶対に。

皆さん是非結集しましょう！！！。"
179,18-9,n,政治屋自民党！国民を飢え死にさせるつもりか！まだ自殺者を増やすつもりか！。
180,18-10,yam*****,ワクチン摂取までダラダラ緊急事態宣言して、春になってウイルスも減少予定なのに、ワクチン投与してウイルス減りました！って煽る作戦でしよ？もういいよ…そんな茶番……。
181,19-1,,"本当に無能以外のなにものでもない
よく、暴動が起こらないよ。"
182,19-2,may*****,世論の動向を見てその都度決めてゆくらしい。なすがままに近いから、政府の責任ではないということかな。感染者が減ったらGOTO再開だけははっきりしている…。。
183,19-3,Dameoyaji,聖火リレーに間に合わせるつもりですかね。。
184,19-4,ara*****,緊急事態宣言の延長は必要と思いますが、テレワークの推奨は、もっと強く訴える必要があると思います。　そして、ひとり親の家庭など、社会的に経済的に弱い家庭に対しての支援施策を進めて下さい。。
185,19-5,san*****,もうこんな茶番やめてください！。
186,19-6,saz*****,"原発事故と一緒！
廃炉、汚染水、先送り先送り！

責任者は死んで責任取らす！

あとは、尻拭いは被害者の次世代へ！

あわれ。。"
187,19-7,str*****,"対応が遅いしゆるい。その結果これやん
いくら学生とはいえ、シフト二ヶ月も削られるのきついんやけど。
ちゃんと宣言前から自粛してた側からしたらマジ辛い。"
188,19-8,wvc*****,"女性の雇用を沢山産んでほしい
失業している人が増えている。。"
189,19-9,gar*****,感染者数500人程度まで減ったら解除って言っててまだそこまで減りそうにないから延長する。最初に言ってたとおりじゃん。。
190,19-10,say*****,"いい加減にしてくれ。

飲食店以外は、補償もないのにこれ以上緊急事態宣言延長されたらどうにもならん！

緊急事態宣言を出した事で、飲食店以外の職種も打撃を受けているのに勝手に延長するんじゃねぇよ！。"
191,20-1,reb*****,"個人店なので大歓迎です…
その代わり、日銭六万円だけはお忘れなきよーに！。"
192,20-2,tex*****,座席が3つしかない小さな飲食店。普段から客ゼロの日もある店なのに一日だけで6万も何もせずに入ってくる知人は笑いが止まらないみたい。なんだか不公平だな。
193,20-3,hik*****,"定額給付金配って！
失業してしまったんですよ！
命経つ寸前まで来てる。"
194,20-4,hum*****,"飲食と医療のみに補償を特化した緊急事態宣言はいますぐやめるべき。
他の業種にもかなりの影響が出てる。特に人対人のサービス業。
かなりの風評被害。
こんな馬鹿げた緊急事態宣言はやめるべき。
不公平すぎるだろ！！。"
195,20-5,y95*****,キャバクラに払う血税があるなら国民に給付金だぜ！。
196,20-6,qyq*****,3/7まで鎖国。
197,20-7,jmp*****,"現在の非常事態宣言は言葉だけで実質、飲食店20：00までの施策だけ。
但し、2月の業務渡航再開や20：00以降の飲食店営業では、折角大半の日本人が頑張ってもここを施策で潰さないとまた再拡大です。たかがマスクの義務化すっらできない政府は無能です。未だ、大都市圏住んでいますが列車やバスでマスクしないで平気で乗って来る老人やあほそうな若い女がいますので。。。。"
198,20-8,miz*****,"やる事無茶苦茶、
計画性も根拠も何も無い、
雇われ総理じゃ
国をまとめるのは無理。。"
199,20-9,st_*****,"もうそろそろじっとしていられない人が増えてきていると思う。電車の乗客も20時までは減ってない。
こんなのただの「慢性事態宣言」だ。。"
200,20-10,dar*****,コロナで得をする人もいるんなら、なかなか収束しないだろう。
201,21-1,tqf*****,延長する事は分かってました。世界的にも感染者減って来てますし、ワクチンも早く日本に来てほしい。日本政府は何でも遅すぎる。。
202,21-2,aya*****,"国民に保証したうえでロックダウンしなきゃ自粛期間はどんどん伸びる。
さっさと保証して短期間で復活する道筋を切り開くべき！。"
203,21-3,ker*****,"医療機関がある程度マシにならないと解除すべきでないよ。
すぐ亡くなる人もいるし、
2ヶ月も状態が良くなったり悪くなったりしてから亡くなってる40代もいたし。
長引く人が増えたら春までムリね。。"
204,21-4,brb*****,今回は普通にみんな外出しているし、あまり関係ないような。。
205,21-5,gac*****,個人への保障は？ところで今回のナンチャラ宣言でスーパーや街の商店街から人減った？つーか丸亀とか吉野家とか8時前の飲食店どこもめっちゃ混み混みだけど（笑）。
206,21-6,y09*****,"早く経済を戻さなければいけない
今も失業や減収で苦しんでる人が沢山いる
これ以上困窮する人を増やしては駄目だ
致死率は50代0・3％、40代以下0・02％なんだから
大騒ぎするほどじゃない
どんな病気でも一定数の死者は出る
高齢になれば免疫、体力も低下してちょっとした
病気でも死ぬ、コロナが特別ではない
この致死率は許容範囲内だろ、幸い子供の死者もゼロ
現役世代には減収、失業の方が余程怖い。"
207,21-7,mea*****,特別なことなーんにもしてなくて、国民への『お願い』ばっかりなのに、延長してなんか意味あるの？。
208,21-8,*****,"無理やり当初の予定通り終了させるよりは、ここでもう一踏ん張りしようという判断はまぁ良かったのかも。
飲食業とかは大変だと思うけど。
でも、それなら最初からもう少し4月くらいのきつめの自粛をするべきだったかな。
そうすればだらだらと1ヶ月も延長にはならなかったかも。
宣言の出てない県ですけど、旦那の会社、普通に出張行ってる、全国各地に。。"
209,21-9,cat*****,"一体いつまで中途半端な補償と宣言でダラダラ続けて行く気だ？
一体何人の議員が3/7までにまた会食で叩かれるのか見ものだわ。。"
210,21-10,toc*****,"そうなるよね。

でも、日中の混雑は全く変わらない。
夜の制限だけでいいのかな。

6万円は見直して欲しいものだ。。"
211,22-1,cfr*****,直前のお預け宣言は困る。いっそ無視して予定通り動いてやろうかとさえ思うほど。ごまかしごまかしやり過ごして来たけど、いずれ生活が破綻する日が来るのかな。
212,22-2,tag*****,まあ妥当だろうね。2千人越えはなくなったとはいえ今戻せばすぐ増えるだろうし。。
213,22-3,s56*****,日本には無限にお金があるのか？いい加減にサボっている飲食店にお金を払うのはやめろ。結局給付金だって、協力金だって、ワクチンだって税金でしょ。今だってこっそりと東日本大震災の影響で、特別税取られてるよね？今はいいかも知れないが将来増税なり社会給付の削減でコロナ以上の死者がでる。。
214,22-4,hir*****,とにかくGOTOは止めろよ！半分以上税金だからな！保証金も止めろ！その代わりそのお金を医療関係者に配りなさい！2F旅行解禁するとか言うなよ。
215,22-5,xyd*****,"そうなるわな。
こんな頼りない政府じゃな。
#自民党には投票しない。"
216,22-6,ns8*****,"延長するのはいいけど、効果のある延長にしてくれないと。もっと規制するとかしないと意味なし。ダラダラと名ばかり緊急事態宣言したって国民の負担が増えるだけ。

最低限の企業以外は全面休業にするとかしないと。ただし、補償は必要なので、収支報告に基づいて補償してください。何のために税務署が年収を把握してるのでしょうか？。"
217,22-7,Dwight Schrute,自由飲酒党。
218,22-8,lov*****,全部ＧＯＴＯを強行した結果。各種産業が衰微するなか、無策菅政権は全員辞任すべき。。
219,22-9,kik*****,どうせなら3月末まで延長したらどうだろう。春休みであまり動かれてもまた増えるので。。
220,22-10,cfw*****,外食産業　さすがにかわいそう。
221,23-1,fum*****,まあ、いいんじゃないかな　当然　店屋に政府は金ださんといけないが、コロナが収まった暁には徐々にGO TO 何かして国民の財布をゆるめることやな。
222,23-2,kob*****,震災時の民主党政権と同レベルの無能政権。。
223,23-3,mec*****,これで五輪中止は決定的でしょうかね。。
224,23-4,dar*****,"何だ！
全力で１ヶ月で感染を抑えると言ってなかったか？ウソつき！
幾多の人々が路頭に迷う事になる。
生活保護があるからええじゃないかなんて言うけどね。酷すぎる！。"
225,23-5,sid*****,"そういう
国民を、なんとも思わない自民党を選んだのは
国民。
良く考えて投票しないとこうなります。
自民党の国民をなんとも思わない政策、対応は
今に始まった事でありませんからね。。"
226,23-6,a*****,"辞めとけ！

もう、
オリンピック中止して、
1年間だし続けろ！

馬鹿馬鹿しい！

どんだけ、
耐えないといけないんだよ！！

失業者を
企業任せにして、
税金は回収だろ？？

飲食店の金のばらまきはやめろ！

西宮北口の飲食店は、8時以降もオープンしてたぞ！
金もらってるのに、オープンは納得がいかない！。"
227,23-7,eru*****,延長も何も、人々が当たり前のようにマスクを着ける世の中で、毎日がすでに緊急事態だろうに。。
228,23-8,fum*****,この死神のような不幸づらの総理よ、潔く引きなさい。
229,23-9,PP,"え？てかさ〜緊急事態宣言意味ある？全く減ってないやん！はやく経済と学校関係止めませんか？
てか、ワクチンは打っても感染するよ！変異種が出回ってる限り！。"
230,23-10,ノストラダムス,"なが〜いな　時短だけやって緊急事態宣言って
店休ませろよ。"
231,24-1,ノストラダムス,"なが〜いな　時短だけやって緊急事態宣言って
店休ませろよ。"
232,24-2,che*****,"続くのはいいけど、飲食店で売上以上の補償金はどうかなと。。。
これ目的で開店した狭小店もあるし。。"
233,24-3,ken*****,"延長はいいけど、1日6万円の給付は見直しを！
せめて上限を設けてほしい。
少なくともコロナの影響のなかった前々年度の売り上げを超える支給はまずいだろ。。"
234,24-4,rpo*****,"キャンペーンで無理矢理経済まわした
から、ダラダラ延長になるんだよ。
クソ馬鹿内閣が！
延長によって破綻、廃業、解雇が増えて
ボロボロになるよ。
しかも、死者数も減らないから。
後手後手でやる事も中途半端で
どうする？
まずは、医療崩壊をなんとかしろよ。
崩壊してたら、延長しても無意味。。"
235,24-5,yuk*****,"愛知や岐阜は無理だよ。
確かに新規感染者は減少してきたけど、今週の始めにはまだ200人超えてたし、なにより名古屋の医療がやばい。
ちゃんとそういうところも見てから発言してほしい。。"
236,24-6,zyy*****,"調整はいいですけど
もっとマメに会見を開いてください
国民が聞きたいことは沢山あります
支持率上げたいなら真摯になることです。"
237,24-7,ult*****,ムダに老人がウロウロ出回ってるから感染者が増えるんだよ。。
238,24-8,kam*****,"まじで、一律給付金出そう！
不安な国民に、少しでも明るい話題を提供してほしい！
日本の強いとこ見せてくれ！。"
239,24-9,ydi*****,"解除予定日より１ヶ月延びましたね！
個人的には正直微妙かもと思いましたが、良い結果がでることを祈ってます！。"
240,24-10,dai*****,協力金はもう払うなよ。。
241,25-1,,"収入が激減する中で
どうやって飯を食えば良いのか？
職種変え等、世の中のシステムが変わり
そうなのは分かるがついていけない。。"
242,25-2,yhi*****,"結局延長か…
意味あるのかな…
こんなゆるゆるな緊急事態宣言で。

いつまで続くんだこんな生活…。
SNSで色々な人と繋がりやすくなったし、生きてくのに悲観した人達が集まって集団自殺なんて起きなければいいが…
政治の力で国民を救ってください。
いい加減限界きてると思います。。"
243,25-3,ta1*****,"病床使用率はどこまで改善してくるだろうか？
どこまでの改善を目指しての延長まのか？。"
244,25-4,han*****,飲食店以外の補償も考えてるってことですよね？。
245,25-5,fpf*****,"２ヶ月もだらだらやるなら１ヶ月ロックダウン相当の事をお願いして給付金を払ってやった方が経済の損失も感染者も抑えられるのに

小出しにしてけちな政策しか長引く。。"
246,25-6,ebe*****,"GoToイートのクーポンの使用期限は延長されるのかな～
それとも、もうキャンペーン自体中止で、払い戻しになるのかな～。"
247,25-7,hjt*****,栃木県も解除されてまた増えるといやなので、もう少し頼みます。。
248,25-8,dol*****,宣言だけ。。
249,25-9,えてめそことこそ,菅　　aho。
250,25-10,ts,前倒しで解除とかやめてくれ。１ヶ月延長なら延長でピッシとやってくれ。中途半端は対応に苦慮するよ。。
251,26-1,dun*****,栃木を解除するのは賛成だけど、宣言地域じゃないから安心だと、むやみに遊びに来ないで欲しい。。
252,26-2,tr007,"政府は来週、諮問委員会を開き、専門家の意見を聞いた上で延長する地域や期間について最終決定する方針です。

きっちり会議議事録を公開することが不可欠だな。改竄隠蔽を常套する菅（スガ）の場合。。"
253,26-3,lil*****,"また引き伸ばし
いい加減にしろ。"
254,26-4,dei*****,"何故政府のgotoのつけを国民が受けなければならないのでしょうか。
勝手に延長してろよ。
この1か月余りどこにも行かずに自粛したつもりですが、もう我慢なりません。
給付金30万ぐらいしてもらえないですかね。
生活貧困問題分かってますか？延長アホですか？。"
255,26-5,werw06（*0*）,"国会議員が自粛どころか遊び歩いてるのに、なんで国民が自粛しなあかんのか？
そもそも医療体制が逼迫してるのは政府与党の責任だろ？
なめてるよなぁ～。
自粛？お断り。。"
256,26-6,ton*****,一回飲食店への時短要請も支援金なしでどこまでやれるかやってみたらどうですかね。あんなに不公平な支援金は不公平なだけ。国民は冷静、私の周りの人間も個人経営の居酒屋行くのはやめたと言ってます。。
257,26-7,jcn**,正直もう緊急事態宣言の効果は希薄なのでは？。
258,26-8,kpc*****,いつまでやってるの？茶番！。
259,26-9,gs3*****,6万の支給を一部見直す必要があると思います。半数以上の飲食店だけが儲かる仕組みは全く理解できません。ふざけるな！。
260,26-10,des*****,"飲食店にはお金が行き・・・そこに納品する業者にはお金が一切入ってこない・・・

いろんな制度があるのはわかる。だけど、この差は何？と感じる。。"
261,27-1,u07*****,"宣言出てても変わらず外に出てる人多いし宣言出したからといって何も変わらないんじゃない？ニュースで見た渋谷とか人多すぎでしょ笑
宣言だしておいて、本当は感染者増えてるのに
段々数字下げた嘘の情報流して、オリンピックやるつもりなのかな？笑。"
262,27-2,*****,今日ランチに行った店で店主が給付金六万もらう店の多くは売り上げなんてなく、その金で飲みに行き、経費で落として、赤字に見せて税金も払わないと言ってました。そもそもそんな小さな店で感染なんて無いとも。小池の無駄なばら蒔きは勘弁してほしい。。
263,27-3,Also,"今日は千葉で20代の男性、肥満傾向の方、コロナでお亡くなりになりました。
やはり若いからとか、持病ないから心配ないは通用しません。
政府批判はそこそこに、自分たちが被害被らないようにもまずはコロナ対策万全にしましょう。。"
264,27-4,sto*****,みんなテレワークもしとらんやないか。
265,27-5,yut*****,"延長はいいが、飲み屋ばかりに補助金を出すな！
昼の飲食も厳しんだよ！！！。"
266,27-6,qng*****,"ただ、続けて延長するのか？

未だ不明だから
なんたって人の意見に耳を傾けない菅！

別に延長するか？しないか？
どっちでも良いが

GOTOだけはもう、やめるべき
その１兆円を医療へ使用して

どんどん、無料検査
自宅待機、療養は無しにしないと

人口減るから
国民の命を大切にして欲しい。"
267,27-7,sho*****,また飲食店の奴らに無駄金ばらまくのか？。
268,27-8,mit*****,じゃぁ、10万円くだせぇ〜。。
269,27-9,ん？,政府は、お金をかけずに安く国民をコントロールしようと考えているだけ、国民1人1人の生活背景や命なんて、ほとんど考えてはいないよ。。
270,27-10,やっさん,"延長されて、そろそろ廃業しないと考える会社もあるよね。ダラダラ宣言されるのが、一番ダメージ大きいよね。
飲食や宿泊以外も出てくるよね。。"
271,28-1,やっさん,"延長されて、そろそろ廃業しないと考える会社もあるよね。ダラダラ宣言されるのが、一番ダメージ大きいよね。
飲食や宿泊以外も出てくるよね。。"
272,28-2,coc*****,"今回の延長は受け入れ出来ません。個人の補償もなくこれ以上政府の緊急事態宣言に従うことは自分個人は出来ませんよ。
緊急事態宣言ならそのエリアの方々全員に少なからず補償するのが宣言です。。"
273,28-3,giezmdkfjh,"１ヵ月時間の猶予があったんだ
飲食店の補償は変えるよな？

まさか、まだ一律でこの一ヵ月もやるのか？。"
274,28-4,我草泥馬,税金バラマキをやめてくれ！解除しろ！。
275,28-5,yuki,"緊急事態宣言が伸びるのは仕方ないですが、先にある程度の長い期間で緊急事態宣言をして、コロナが治まったら早めの解除をする方がいいと思う。
毎月チマチマと延長されるより先に長期間の方が店の人員とかの予定を立てやすいし。"
276,28-6,sky*****,"延長するにしても、飲食店の一律6万円はやめてほしい！
確定申告などで、後で調整できるようにしてほしい！。"
277,28-7,hhq*****,"また愚かな選択するの？？理解不能。本当かねえ？？
学習能力が無いね。。"
278,28-8,t***,意味ある緊急事態宣言ならまだしもダラダラとこんなこと続けても国民が疲弊するだけだと思うんだが。
279,28-9,hag*****,"延長だけで減らせるか、そして（コロナを受け入れている）医療機関や負荷の高い保健所などへの対策は…法整備も大切だけど感染者数がなんとなく減っているから置き去りにされている気がする。
身の回りで聞く限り、濃厚接触者になると思われた人がならないケースが増えているし、もう飲食より家庭内が増えているような印象。

いずれにせよ日本政府はデータや根拠に基づいた対策がなさすぎて…。"
280,28-10,sat*****,"必要以上に自粛する人と、いつも以上に出かける人に二分されてるような気がする。
つまりプラマイゼロ。。"
281,29-1,ari*****,減ったのはPCR検査をしないからじゃないの？全員強制で検査したら凄い人数になると思いますが。それに毎日のように亡くなられてます。飲食店行って家族でマスクはずせる勇気はまだまだないですね。。
282,29-2,yys*****,国会は１日２億円費用かかるんだってよ。
283,29-3,@限界のその先,３月まで延期して効果はあるのか。宣言が続いて経営が苦しくる人は多いので補償を。
284,29-4,qrs8085,"この時期は受験生のためにステイホーム。
1番遅い公立高校も3月10日前後に終わりますから7日までステイホームすれば受験時期の感染拡大は防げます。
国会議員のためでもなく政府のためでもない。
受験制度改革で振り回され、コロナ禍で苦しんだ受験生のための最後の応援。
それでいいのではないでしょうか。。"
285,29-5,yt1*****,もう解除してほしい。飲食店だけウハウハなのが頭にくる。個人個人が気をつけて、入国制限かければ良い。オリンピックはもちろん中止だけどね。。
286,29-6,tuka２９２９,二階「ヨシヒデ、gotoはまだなんか？会食はどうした？」。
287,29-7,東海定温@百尺竿頭：真夏の果実：一升瓶,ひょっとしたら、はじめから3月7日が既定路線だったのか…。
288,29-8,img*****,でもまあ解除しなくてよかった。ここで解除したら袋たたきでしょう。。
289,29-9,die*****,"だらだら続いたらみんなこの状況に慣れてしまって緊急事態宣言の意味が薄れてしまいそう
強制力が伴うもっと強めの措置をするとかメリハリつけないとダメだと思う。"
290,29-10,集中・近接・閉鎖を避けた生活を！,"新規感染、減少傾向にはある。

しかし減っていると言っても、今年に入って突発的に増えた分が減っただけで、12月の水準にさえまだ戻ったわけでは無い。
東京が一日で1000人超えたのは12/31が初めてだった。1月第二週がやたら多かっただけで、今週の数字は本来ならまだまだ高い数字。

一方で、やたら「人数調整」的なことを主張する人が居る。方針・政策が変わった？
それら含めて、時間が経てば全て見極められる。。"
291,30-1,,"飲食店だけまた１日６万の協力金も延長で出すんですか？
60日×６万で３６０万ですか
本当に店にもよるけど協力金バブルそのもの
厳しい状況は飲食店ばかりではない美容室もだけど本当にどの業種も限界
他にもっと目を向けて協力金や持続化給付金を出しても良いのでは。"
292,30-2,zvt*****,"1ヵ月も延長するなんて今までは全くの無駄だったのデスね？
学校を休校にしないからこうなったんだよ？。"
293,30-3,tkk*****,沖縄はどうなってるんでしょうか？。
294,30-4,ari*****,巣籠もり生活継続ですね・・・所得がないから消費も伸びない コロナを持ち込んだ中国 一生許せん。
295,30-5,kan*****,国会議員半分にしてください。
296,30-6,gen*****,宣言の延長は予測出来たけど、政府はのんびりしすぎじゃないか？。
297,30-7,ghc*****,"３月７日まで延長するけど、自民党議員の銀座豪遊は野放しですか？
ケジメとして議員辞職させるべきですよね。。"
298,30-8,nak*****,緊急事態宣言外の飲食店です。緊急事態ではないですが緊急事態宣言でかなり影響受けてます。中途半端で小出しの後手後手政策やめて下さい。。
299,30-9,GTO,"またか
いい加減あきれたね
3月になったら4月になるわ。"
300,30-10,dcy*****,正直、緊急事態宣言なんて出てたところでなんも変わってないからな〜。
301,31-1,,"喜ぶのは売上の小さな飲食店だけ。
知り合いの小料理屋のオヤジは
コロナバブルでウハウハや言うてるわ。
協力金で温泉に行くんやて。
あほらし。。"
302,31-2,kim*****,"とにかくすぐに飲食店への1日6マンやめてくれ
めちゃくちゃだよ、知り合いの居酒屋の親父は毎日昼キャバ行ってる、感染増やすそうだ、ずっともらえるから、こんな人いっぱいいる、。"
303,31-3,sho*****,"どうせならあと半年延長すればいい。
街は閉店が相次ぎ、廃墟となる。
当然オリンピックは中止。。"
304,31-4,aic*****,"1ヶ月延長か…
なんかもう疲れてきちゃったな…。"
305,31-5,*******,やめてー泣。
306,31-6,びっくりまん,"毎日6万円

こりゃ　宝くじに当たった気分

個人飲食店　ラッキー。"
307,31-7,tak*****,"もう一年だよ、コロナ禍から...
変わらず税金は払ってますよ、私たち。
我慢してる、国民は...
たいした政策も出来ず、議員の会食などろくでもない発信しかないんだから、せめて再度給付金を配布してほしい。。"
308,31-8,bp_*****,提案します。3月7日まで緊急事態宣言を延長し、そのタイミングで国会を一時休会し国会議員全員コロナ対応医療施設で助手作業員として宣言解除まで働いてください。手伝えること沢山あります。消毒清掃、配膳、等々。現場で同じ汗と涙をたくさん流して働いてから国民に物言ってください。。
309,31-9,tom*****,"もう感染率が0.65人まで下がった栃木は別として大都市と千葉・神奈川・埼玉は延長が必要だと思います。

二桁に下げるまでやらないと簡単にまた戻ってしまいますから、２月末までを目処に延長して飲食店も基本３万円にして足りない店には１日10万円まで出して不公平感を無くして、早急に生活困窮者支援金と飲食店以外の持続化給付金の支給を決めて下さい。

生活困窮者支援も持続化給付金もないのであれば即刻解除して経済を回して下さいよ。

生活困窮者には生活保護があると言ってるガースーですが、支援しないのであれば国民の私権を奪う政策は一切やめて下さいね。

延長して言う事を聞かなければ罰金だと言うのなら、補償は必ずにセットで必要です。

補償も無しに私権を奪う事は国家犯罪です。

私権を奪って置いて生活出来なくなったら生活保護があると言ってる事自体信じられません。

早く同胞の生活困窮者を救えよ無能な政治家。。"
310,31-10,aki*****,"まあ大半の予想通りですな。
倒産増えるだろうな～。さすがに1年以上の固定費払っていける会社は少ない。。"
311,32-1,従五位下河内守,飲食店への6万円を見直せ！普段より儲かってる店が多いぞ！。
312,32-2,百裂拳,"延長はやむを得ないでしょう。

しかし感染者減少⇒国民が努力してると感じる⇒でも医療体制に余裕がでないから延長⇒国民のストレスがたまる⇒内閣支持率落ちる⇒やばいから前倒しで解除する⇒また増える。

というパターンでしょう。
ワクチンが普及して有症者と重傷者は減るでしょうが、感染者は減らないでしょうね。。"
313,32-3,bt*****,"コロナ対策をしなければならない状況で、総理大臣になったという事は、ある程度自分の中で対策があるのかと思ったら何もなかった。これなら官僚が出してきた提案をそのまま国民に出す方がまだ良かったのかもしれない。

過去に何か重大な事件があったときに、総理大臣はゴルフをしていたなどニュースになる事はあったが、その後はしっかり対応していたように思う。

まぁこんな状況で批判をしながらも野党は内閣不信任案を出さないのだから誰もやりたくないのが本音だろう。。"
314,32-4,snk*****,"延長は仕方のない事だとは思います。
延長しなかったらしなかったで医療が崩壊するとかで責られると思います。
しかし、緊急事態宣言中に政治家が深夜まで飲みに行くのはもっての他ですよ。
お花見の頃には穏やかな春だと信じて頑張りたいと思います。。"
315,32-5,eng*****,宣言中でもテレワーク一切させてもらえないから延長しようが何ら変わりないけど、仕事帰りに行きたいラーメン屋が２０時で閉まってしまうのが難点かな。。
316,32-6,cat*****,でも、今日も電車で都内の友人宅に行き、皆んなで飲み会やるって子が着替えて、イソイソと出かけていきました。日本人なんか、真面目じゃないよ。。
317,32-7,nochimochi,"そのまま延長、なのでしょうかね。
「抑える」と言って抑えられなかったので、強めるのか、部分的に制限を加えるのか、期間だけ伸ばしても？？です。
そしてワクチンですよね。政府は12月からしきりに「ワクチン」と言っていますが、直近の対応からすると、確保しきれていないような…
「仮定の話には答えない」菅総理ですので、「2月末、3月末」にはなんとかなるんでしょうか。
「ありとあらゆる」「これまでも精一杯」スガさん、
もう、さすがに、こんなフェイズになって、社会不安増している中、
正しい、届く、発信をしてくださいな。
言葉が話が上手くなくていいんです。感情的でいいんです。。"
318,32-8,abc*****,"単なる“曖昧な延命策”に過ぎないのでは、と感じざるを得ないですね。
経済は「社会の血液」ですから、ブレーキを掛けるべきではありません。。"
319,32-9,zid*****,居酒屋やなくて国民に保証してくれ。
320,32-10,m06*****,"自分や家族は自分で守る時代
自分や子供達の未来に投資しよう
他人は他人…時間は有限、平等です。"
321,33-1,ティターンズ,飲食店の一律一日6万の営業保証はやり過ぎ。
322,33-2,apb*****,"あのさ、意味ないから。
強制力もない、気にしてない人は外に出てるわけだし、感染するかしないかで言ったら感染するよ。
でもさ、コロナについてちゃんと調べれば分かる事だけど、本当にこのレベルで宣言出してて良いの？
コロナじゃ無くて死ぬ人増えるよ？
良い加減にして欲しいわ。。"
323,33-3,U****,予定納税の消費税を全額返還すればいいだけなのに。。
324,33-4,イケメン,"お願いばかりで一円も出さない政府
議員は200万の定額給付金
国民は端金の10万
つくづく納税するのが馬鹿らしい国。"
325,33-5,aya*****,"その間も対象の飲食店には、お金を支給ですか？
いいですね。暇でもお金貰えるんだから。。"
326,33-6,mov*****,"理想を言えば半年 最低でも３ヶ月は必要
わかっていながら 出来ないのが現実
経済界の圧力をなんとか出来ないのが自民党。"
327,33-7,cfq*****,"国民をなめてるな!
役立たずな馬鹿ばかりだな。"
328,33-8,ila*****,"いつまでたっても医療崩壊しませんので、経済を回しましょう。

自粛至上主義者が発言力高めですが、彼らが煽っていたこと（GOTO批判や海外からのビジネス入国者批判、変異株対応やオリンピック批判など）など批判が的を得てません。

緊急事態宣言も1ヶ月で効果なんかあるか！なんて批判ばかりですが、しっかり効果出てますよ。。"
329,33-9,xx_*****,"緊急事態っぽく無いのは、夜の飲食だけ絞っているからでしょうか。他の施策はほとんど効いていないような。。。
通勤は変わって無いですね。。"
330,33-10,652*****,"おいおい……
第4Qの内、2/3が緊急事態宣言下って事？
こんなの売上激減が確定じゃねぇか。

定額給付金が駄目なら、所得税、住民税、消費税、と軽減してほしいもの沢山あるんだけど……。"
331,34-1,全日本煽りソムリエ選手権総合ベスト16,"これも不思議なもんで、2/7で終了と言われてた時はシュンセツガー多く湧いていたのに、延長が既定路線になるとそれはそれで批判するんだな。

個人的には緊急事態宣言明けたら美容院行こうと思ってたのでそれだけ残念。。"
332,34-2,aal*****,相変わらずやなぁ。
333,34-3,km_*****,頑張ってる人がいる反面、不要不急以外の行動も多い状況。政府の対応も確かに十分ではないが、一方的に政府批判するのもどうかと。。
334,34-4,uen*****,"前みたいに飲食店の閉店時間を20時から22時に延ばすとか中途半端な事はやめて欲しい
きっちりやらないと減らないものは減らないと思う
私は飲食業ではないし収入も減った身ですが時短営業、補償6万には賛成です
本当なら厳格な宣言に越した事はないですが…
この速さなら言える、美香ちゃん好きです。"
335,34-5,聖竜ギラン,GO TO JISATSU。
336,34-6,ak1*****,これでまた、180万か。笑いが止まらんだろうな。2ヶ月で下手すりゃ1年分の利益。。
337,34-7,kon*****,"悪戯に経済を縮小させて売り飛ばす気だな

士業は儲かる。"
338,34-8,san*****,"この人の発言は、全て党幹部への利益誘導目的にしか聞こえない。
物心ついた時に総理大臣だった佐藤栄作氏以降、宇野氏と並ぶ最低最悪の総理大臣の様な気がしてならない。。"
339,34-9,rga*****,"遅くて弱くてやる気がなく

支持率が下がったから仕方なく

発出した緊急事態宣言

この一年でコロナのことがわかってきたから

経済と両立するって言ってたけど

そしたら犠牲者もこれだけ出るって

わかってたんや？？？？。"
340,34-10,dql*****,オリンピックも中止を発表するべき。。
341,35-1,eco*****,"意味がないからすぐやめて欲しい。
インフルより被害の少ないコロナ感染を押さえ込む事に何の意味があるのか？
第二類指定感染症にしてること事態がおかしいのだ。そうすれば病床も逼迫しない。
まさに、緊急事態宣言延長はコロナ対策を履き違えた自殺行為。。"
342,35-2,hpc*****,"菅いいから早く辞めなさい
お前じゃムリ
民主党以来の最悪内閣
いつまで経っても日本の政治家はダメな奴等ばかり失望。"
343,35-3,smj*****,"まじかー。
まぁ仕方ないけど、疲れたね。"
344,35-4,エクリプス,"疫学調査の対象を絞っているので感染者数が減るのは当たり前。
もういっそのこと基礎疾患持ち、高齢者以外は通常通りにしたらいかが？。"
345,35-5,mat*****,変わらないかな。延長しても。仕事帰りに外食せんし。。
346,35-6,mid*****,一か月で収束させると息巻いてたじゃないの！どうなってるの？。
347,35-7,wjj*****,"ほんとに何の意味があるの？
効果的とは思えないんだけど...。"
348,35-8,mar*****,家賃5万１日売上1万の一人で営業する飲食店。７時には電気を消し24時まで営業してる。小さな飲食店のバブルだろ。給付金もらう気マンマン。困ってる大きな飲食店が、苦しんでる。
349,35-9,昭和26年何があった,国民を見た政治が望ましい。出来ぬなら解散せよ。。
350,35-10,tak*****,"延長するのはしょうがないにしても、長めに予定しておいてから短くした方が印象いいのにね。
ここで丸1年たって、手探りでの対応であるのは承知だけど、多少はコロナ慣れやどんな感じっていうのが、わかってくるとき。
国一丸となって、気を引き締めよう。

まず自分は手洗い・うがい・マスク、外だろうが家だろうが食事は静かにする、これを徹底する！。"
351,36-1,※※※※※,"で？補償は？
一律消費税０を期間限定でしてほしい。。"
352,36-2,aev*****,賢明な政策ですね。本気度が伺える。明るい新しい未来の為には、お灸が必要ですね。。
353,36-3,peformncefomearth,緊急事態宣言延長と罰金で、どこまで減らせるか？とりあえず、オリンピック中止と春節客の来日禁止を急いでもらいたい。。
354,36-4,*****,消費税廃止するかなんかしろよ。
355,36-5,kat*****,"宣言を出している地域だけでもせめて、給付金を出すなり考えてほしい。
飲食店が、時短のため、夜間のタクシー運転手は、ほとんど稼ぎもないのですから。。"
356,36-6,EGAO,"今さら言っても仕方ないけど、1２月から緊急事態宣言をしていれば良かったのに。
自民党にはもう絶対に投票しない️。"
357,36-7,ruka,延長は当然と思うが、協力金が一律一日6万円とか大雑把なやり方は改めてほしい。直近の納税証明書から数段階に分けることはさほどの手間でもないでしょうに。。
358,36-8,jin*****,何時までも結論出ないがースーでは日本は危ない。オリンピック開催する事などとんでもない️。財政建て直しを真剣に考えないと我が国は完全に破綻する。自民公明さん、真面目にやってくれよ️。
359,36-9,tke*****,"お！延長か！180万円あざす！
360万円貯まりそうだからレボーグ買います。"
360,36-10,hop*****,そろそろ飲食以外にも補助してくれないと自助では限界があります。。
361,37-1,wah*****,"補助金の額は変えてよ。特に地方向け。
自分の払った税金が特定業界にばかり使われるのはちょっと納得いかない。。"
362,37-2,nii*****,"クリスマス・年末年始の人出を抑えられてたらもうちょっとマシだったかも
けど宣言解除したらまた爆発的に人出が増えるのは明らかだし
どっちにしても冬は2ヶ月くらい緊急事態宣言しないとだめなのかもね。"
363,37-3,gnr*****,他の業種は生き残るために色々と変わっていってるのに、飲食は休むだけで補償金もらえるって不公平だと思うけど、更に補償金出すのかな？。
364,37-4,......,いいぞ。
365,37-5,ftr*****,精神論しか言わないなら辞めてくれ。
366,37-6,tsd*****,飲食の休業要請しないよな病院や施設のクラスターの10分の1って言ってたしな。
367,37-7,sunnylettuce,マジか。勘弁してくれ。。
368,37-8,tsp*****,理想を言えば　休業中に支払う税金をベースとした財源がある訳だから、後からで良いので、売上小さな店に入る金を儲かったとはなら無い様に調整する様にすべきだ。。
369,37-9,マッチョな超兄貴とインテリで貧弱な俺,"経済的な事を一切考えないのであれば、
いっその事ＧＷ明けまで延長した方がイイと思う。

３月７日に解除すれば、おそらく花見シーズンにまた感染者が急増し、
場合によっては三度「緊急事態宣言をＧＷ明けまで」と言いだす事だろう。

だけど、早期に解除しなければ経済が死ぬし、
延々と続く緊急事態宣言に鬱々とした連中が爆発して何をしでかすか分からん。

とはいえ、コロナを抑え乍ら経済を活発化させるのはたぶん無理。

恐らく未来ではコロナによって日本は衰退したと言われる事になるだろう。。"
370,37-10,osh*****,"政府与党にとって
都合のいいように
データ改竄するから、
気をつけないとね。。"
371,38-1,🤔,"「感染状況や医療提供体制などが改善すれば」
って具体的にどの数字を見ていてどうなったら解除するのか明確にして欲しいですね。
日付を明確にする意図がわからない。。"
372,38-2,(´・ω・`),"銀座ハシゴ。
銀座は自粛してない。(笑)。"
373,38-3,voy*****,"また月に180万も売り上げが無い店にボーナス配るのか、、ホント馬鹿げてる！

コロナバブルって喜んでる人達が大勢居る事実をなんで報道しないんだ！。"
374,38-4,may*****,ちょっと待て。あと1か月も無理！。
375,38-5,jjw*****,パチンコ店が普通に営業してるのは何故？！。
376,38-6,tqq*****,Gotoも緊急事態宣言も新型コロナウイルスの発生陽性者数に対して、それほど大きな影響はないのではないでしょうか？インフルエンザの過去10年位の発生数を出したグラフがありますが、みな10月の終わりに増えはじめて2月に入る頃に減りだし、4月には何もなかったようになります。今の陽性者数を出しているグラフに形がそっくりです。コロナもそうなると私は思っているのですが……。
377,38-7,kam*****,"京都ですけど、緊急事態になっても飲食店が早く閉まるぐらいで何も変わってない気が。
みんな普通にすごしてる。感染者も減ってないし、緊急事態をしてもしなくても同じとちがうかな？。"
378,38-8,uck*****,中途半端だな。年度末にすればいいのに。。
379,38-9,yos*****,一人一人が頑張ってないし、一括りにしないでよ。施設のクラスターは除き、遊びあるいているアホが未だに多数いるからこんな状況になってんだよ。。
380,38-10,（´*c_*｀Э,"小出しはダメだから、国民一律100万円給付にしましょう。
貯蓄に回るだろうけど、今はそんなことを言っている状況でもない。
コロナさえおさまれば…国民は…消費するはず…。。"
381,39-1,qzf*****,"各自が自己管理してれば普通に減るだろ。
食べ終わってるのにマスクしないで話してる馬鹿とか。そんな人＝気を使えない人。
飛沫感染が一番確率が高そうだから
食べてない時以外は、しっかりマスクするとか。
不特定多数が触る所は触らないとか、
帰ったらすぐシャワー浴びるとか。
ガキじゃないんだから各自が自己管理すればいい話。。"
382,39-2,サダハル,こんなひどい国で生まれてなくて本当によかった。。
383,39-3,’’’’’’’’’’’,"結局日本国民が税金納めてコロナを収束させ
る

苦しむのは国民だけ！！

こんな国みんな良く許せるよっ
ふざけた金持ちお爺ちゃんの言いなりさ

日本を２つに分けて
新しい方に行きたいなぁ。"
384,39-4,tak*****,"どんな事態になっても自分の給料は減らない（怒）
それ故に国民の苦労も解らない（怒）
こんな腐りきった政治家共など何の役にもたたない（怒）
次の選挙を楽しみにしてろ（怒）。"
385,39-5,tak*****,"昼間しか営業してない飲食店主です
協力金対象外で、もう限界です
閉店します。"
386,39-6,trt*****,"自分の事は自分でね
政府に文句を言ったところで
しかたない。"
387,39-7,har*****,宣言出した時、再延長はあるか？と記者から質問されても仮定の話はしないってはぐらかしてたくせに結局延長とかふざけすぎやろ。。
388,39-8,wxghi,政治家、それも人の上に立つのならば器が大きくなければ勤まらない。。
389,39-9,a46*****,"延長は仕方がないと思いますが
それならば1か月としてもっと厳しい感じでやるべきだったのでは
ないかと思いますよ
飲食店へのバラまきも何も苦しいのは
飲食店だけではないですから
500人未満を切りある程度維持して解除するとして
また、人が増えれば感染者数は増えていくでしょう
オリンピックもやるということですから
縮小にしてもここでも感染は大きくなる可能性はありますし
この段階でワクチンを接種してる段階かもしれません
延長は仕方がないですが何かもうぐだぐだになってますよ。"
390,39-10,bou*****,"国のリーダーなんだから…
もっとグイグイ引っ張ってくれるリーダーになって欲しいですね。
今の情勢で正解を見つけるのは無理でしょ。
何やっても批判されるんだから、総理の言葉で国を守って下さいよ。。"
391,40-1,瀬戸内海,"ガス政権のコロナ対策に対し色々な方面や見識者から建設的なアドバイスや
建議をされそれを咀嚼すべき全安部の
残党たちは、利権や権力にしがみ付き
私利私欲の思いしかなく国民を嘲笑い
自分達が罹患しなければ、罹ってもいの一番に入院出来る特権階級は当たり前と思っているから庶民の気持ちが分からないのでは？議員が入院する場合
、私はいいです重症者を替わりに診てあげて下さいと例えパフォーマンスでも言う議員がいれば未だ救いようがあるが？自公のダメ議員達️。"
392,40-2,tga*****,偏った税金の使い方はやめてほしい。自粛の要請で衣服、靴、化粧品など影響を受けてる業種もあることを考えてもらいたい。。
393,40-3,sak*****,"だから基準を言いなさいよ。
今回の宣言もピークアウト後だって分かってんじゃん。
そんなに飲食店で働いてる人を苦しめたいの？。"
394,40-4,tpd*****,"何がしたいのかわからない宣言。
経済的に死ぬだけ。
もうトリアージでもなんでも良いから普通に戻る事を望む。
平時より死者数減ってるんだから問題ないでしょ…。"
395,40-5,usj*****,また延長、、、小さな会社経営してますが、もう限界に近い。3月決算で5月ごろ税金がくる。オリンピック開催した場合、今年の冬に再度感染拡大した場合を考えたら恐ろしい。ワクチンが広まり感染拡大しなければいいけど、未来は分からない。再度、持続化給付金出してくれないと本当に厳しい。と言うか、生命保険など解約して凌いだので、もう後がない。
396,40-6,Lost man,"近所の個人経営の飲食がどんどん焼け太り
いいかげんにしろや!。"
397,40-7,gqy*****,"この意味のない宣言まだやんの？
さすがにあきれるわ。"
398,40-8,oni*****,このままのパッとしないなんとなーく緊急事態のまま延長するのだけはやめてくれ…。
399,40-9,マロン,"ダラダラ延長すると助かる業者も助からなくなるんじゃ…
一時的にかなり苦しくても、時間が短ければ乗り越えていけるってところたくさんあると思う。
延長延長ってされるのはきついだろう。。"
400,40-10,hs*****,延長っても、電車は満員、街は人が多くて緊急前とそんなに変わんない。これで陽性者数が多少減っているのは不思議なんだよね。濃厚追跡を薄くしたのが減った主要因なんじゃないか？。
401,41-1,めん,既定路線。。
402,41-2,pdb*****,延長して、また飲食店だけにばら蒔きか？無能議員ども。もういい加減にしてくれ。コロナバブルとか抜かしてるヤツが居るのにそれが平等なのか？？別に配らなくて良いから不平等なことだけはするな。それとも、自分達へのバックマージンでも入るから止めれないのか？本当日に日にお前ら無能議員に憤りが募る一方だわ。。
403,41-3,ath*****,"緊急事態宣言を延長しても
オリンピックはやっちゃダメ！。"
404,41-4,(・×・),また社員だけが休みパートだけが必死に毎日出る事になるのか…。
405,41-5,gen*****,"延長するなら金をくれ。
みんな疲弊し始めてるよ。"
406,41-6,see,おい、菅。
407,41-7,ats*****,"小規模飲食店ボロ儲け。
２ヶ月で１年分の稼ぎの店も。
…。ふざけんな。。"
408,41-8,なす,"遊んでるやつらがたくさんいるよね。
我慢させられる人のこともかんがえてくれ。。"
409,41-9,ddj*****,"日本の政治がこんなにも脆いとは。
失望の一言です。
なぜ経済ばかりの顔色を伺い、国民の生命を軽視するのか？
国民の健康あっての経済の繁栄なのに。。"
410,41-10,dtd*****,なんで愛知県解除？新規感染者は減ってきてるけど、入院できないじゃ話になりません。あと1カ月は絶対延長必要。頼みます。。
411,42-1,dtd*****,なんで愛知県解除？新規感染者は減ってきてるけど、入院できないじゃ話になりません。あと1カ月は絶対延長必要。頼みます。。
412,42-2,kzh*****,"去年5月の時より緊迫感がない。
延長してもいいけど内容をもっと厳しくしてほしい。。"
413,42-3,was*****,"春節で入れなかったことだけは評価する
他はグダグダで全くダメだけど。"
414,42-4,hcthqa,これから変異種がメインストリームになり感染者は大幅に増加する。３月７日は事実上のオリンピック中止宣言日だろうな。。
415,42-5,suk*****,2月28日までと思ったけど1週間延びるんですね。。
416,42-6,jn2*****,愛知岐阜は解除できるだと？？全く減ってる感覚ないのに解除するのはやめてくれ！減る兆候が見られるだけだ！解除の基準を甘くするな！。
417,42-7,pen*****,"とにかく今はがまんがまん。
でもウイルスの出どころの中国には文句言いたい。。"
418,42-8,abr*****,"政権幹部　延長しないと考えていない幹部はいない。

オリンピックが開催出来ると考えている幹部もいないのでは？

1度の延期で終わればいいがもし2度の延期になれば、オリンピック開催の政権幹部の意見を是非お願いしたい。。"
419,42-9,ant*****,コロナバブルとか言ってる飲食からは、年度末に回収するんですよね？。
420,42-10,dic*****,"毎月、毎月無駄に税金を払っているのがバカらしい

こんな使い方しかしないのなら税金なんか払わないぞ
ほんとバカらしい

一律給付やれよ！こんな不景気になってるのに、何も恩恵がない

飲食店ばかり不公平だぞ。"
421,43-1,真相究明,"中国朝鮮半島の手先のマスコミが
政権打倒の為にコロナを煽っている
そんな事も気付かずに一緒になって日本弱体化に協力する
テレビを見て洗脳され過ぎ。"
422,43-2,mor*****,"一回がっつりロックダウンして乗り越えればいいのでは？
飲食だけじゃ無理。
仕事しながらなんて人の流れは止められない。
ホームセンター　商業施設　娯楽施設
みんなガヤガヤしてるよ。。"
423,43-3,lsn*****,悪党選んだ国民も悪いし！次の選挙は良く考えて投票しないとな！悪党選んだ国民も悪いし！悪党！さよならしないとな！。
424,43-4,ghu*****,"もう御老体であるのに、
こんなに難しいコロナ問題で国民の不満を一手に受ける矢面にされてた挙げ句、
頼りの自民同房も知らぬ振り。

あ〜可愛そうで可愛そうで
あんまりにも可愛そうに思えそうだけど、

【やっぱり、や〜めた】

早くいなくなって下さい。。"
425,43-5,kis*****,緊急事態宣言なんかいらない。
426,43-6,win*****,誰の指示ですか菅操り人形くん。
427,43-7,kou*****,やってもやらんでも一緒のことをあと1ヶ月も。コロナで死ぬ人間より自殺する人間が圧倒的に多いことをどう思ってるんでしょ。。
428,43-8,minojapan,インチキやってる飲食を通報する制度でも作ってくださいよ！謝礼はクオカード1000円でも効果あると思いますよ！で違反してる飲食店からは倍返しで徴収すればいい。目に余るところが多い。普段20時まで空いてないのに閉めてたり。営業時間なんてなんとでもいえるし何のための確定申告なんかわからんわ！1日の売上とかくらい出させろよ！。
429,43-9,has*****,現状をただ延長するだけではここまで我慢していた人が抑えられずに出歩くのでは、開いている店もあるので・・・。
430,43-10,じゃむぱんまん,ちゃんと補償もしろよ！。
431,44-1,yan*****,"子供達のイベントはなんとかして欲しいなぁ。
対策とか工夫無しに取り敢えず緊急事態宣言出てるから周りの目もあるし中止って持って行かれてる。
広い場所でしっかり入れ替え制を取り入れれば出来るだろって思う。。"
432,44-2,spe*****,自民、公明の大敗を願う！！！。
433,44-3,l90*****,"ホントに日本人というか国民は真面目だなと思います。
いい加減、現政府に対して文句を言っても良いと思います
他国なら、デモ、暴動が起きてもおかしくない政府対応だ。"
434,44-4,aaa,"●栃木県ヤバイですよ
解除したらすぐさま感染者増加
取り返しのつかないことになるのわからないのかな？。"
435,44-5,hsp*****,"コロナバブルとか言ってる飲食店にもまだ国民の税金をあげるのですか？いい加減にしろよ。

本当に困っている人はいくらでもいんだぞ！時間かかるから一律配布とか言ってたけど夜会食ばっかしてないで少しは残業するなりして対策しろ！。"
436,44-6,E,あの立場に立ったら自分が出きるか分からないが、延長を宣言するだけなら、楽な仕事だと思ってしまう。。
437,44-7,fin*****,"春になれば、ウィルスの活動が弱くなりますね。
感染爆発する前に、高度な政治でコントロールしていただきたかったです。。"
438,44-8,ab0*****,"2月7日にいなくなってくださぁーい

税金泥棒。"
439,44-9,odo*****,ハゲまだいたのかい。。
440,44-10,asi*****,一生続いてほしい。
441,45-1,new*****,さっさと切り上げて国民に10万配った方がいいんじゃないかね？。
442,45-2,tok*****,"ばら撒きやめて国民に給付金だせよ。
不公平感が半端ない！
普通のサラリーマンだってかなり手取り減ってんだ！。"
443,45-3,meb*****,ありがとう、コロナ(^o^)飲み会、いかなくていい。会社の行事も、なくなるし、コロナ、サイコー(^o^)。
444,45-4,sou*****,そんなんで感染止まるか？一般市民のワクチン摂取は夏頃だろ？大丈夫か？。
445,45-5,qdh*****,"補償も延長。
令和３年は過去最高益達成しそうです。
今後は変異種拡大も懸念され、特措法だけでは抑えきれず、改めて緊急事態宣言発出。

同等の補償が付けば助かります。。"
446,45-6,a***,これが日本経済のとどめの一手になったって、何十年後とかの教科書に書かれるんだろうな。
447,45-7,may*****,"いいと思います。
封じ込めお願いします。"
448,45-8,xxpool,月末単位にしてくんねぇかな。
449,45-9,ane*****,なんだろうね、国民の堪忍袋の緒が切れるのが先か!!　菅政権が潰れるのが先か!!　ガマンくらべかよ!!　って感じだぞ!!　外国なら武力クーデターが起こっても不思議ではない。明治時代ならば、何人かの要人、閣僚や大臣は暗殺されてるよ。。
450,45-10,１,"期間を決めるのではなく
ステージ３の条件を全て満たすまでやるべきだ
医療提供体制は特に厳しく評価しておかないと、緊急事態宣言の意味をなさない
大阪は連日、死者が２桁以上出ている
緊急事態宣言中でも関わらず死者は減らない
新規感染者数が減ってきているのに死者が減らないって事は死亡率は日に日に増加している事

そこを、きちんと指摘しないと
また吉村が逆ギレしだす。"
